<?xml version="1.0" encoding="UTF-8"?>
<project-private xmlns="http://www.netbeans.org/ns/project-private/1">
    <editor-bookmarks xmlns="http://www.netbeans.org/ns/editor-bookmarks/2" lastBookmarkId="0"/>
    <open-files xmlns="http://www.netbeans.org/ns/projectui-open-files/2">
        <group>
            <file>file:/D:/_Windows/Documentos/NetBeansProjects/VR_Projeto/src/view/DisciplinaCadastroAlteraGUI.java</file>
            <file>file:/D:/_Windows/Documentos/NetBeansProjects/VR_Projeto/src/controler/Banco.java</file>
            <file>file:/D:/_Windows/Documentos/NetBeansProjects/VR_Projeto/src/view/DisciplinaConsultaGUI.java</file>
        </group>
    </open-files>
</project-private>
